id,title,question,context_short,reference_answers,predicted_answer,exact_match,f1
5726d993f1498d1400e8ed1a,Victoria_and_Albert_Museum,How is the plaster replica of Verrocchio's David displayed in the Cast Courts?,"One of the most dramatic parts of the museum is the Cast Courts in the sculpture wing, comprising two large, skylighted rooms two storeys high housing hundreds of plaster casts of sculptures, friezes and tombs. One of these is dominated by a full-scale replica of Trajan's Column, cut in half in orde...",in a glass case | glass case | in a glass case,in a glass case,1,1.0
5726b1d95951b619008f7ace,Genghis_Khan,Why did Temüjin kill those of Jamukha's followers that had betrayed their leader?,"According to the Secret History, Temüjin again offered his friendship to Jamukha, asking him to return to his side. Temüjin had killed the men who betrayed Jamukha, stating that he did not want disloyal men in his army. Jamukha refused the offer of friendship and reunion, saying that there can only ...",he did not want disloyal men in his army | did not want disloyal men in his army | he did not want disloyal men in his army,he did not want disloyal men in his army,1,1.0
572819864b864d1900164481,Doctor_Who,What was the name of the Doctor Who-related song released in 1988?,"Versions of the ""Doctor Who Theme"" have also been released as pop music over the years. In the early 1970s, Jon Pertwee, who had played the Third Doctor, recorded a version of the Doctor Who theme with spoken lyrics, titled, ""Who Is the Doctor"".[note 6] In 1978 a disco version of the theme was relea...",Doctorin' the Tardis | Doctorin' the Tardis | Doctorin' the Tardis,The Timelords,0,0.0
572a0bf96aef051400155207,Immune_system,What is the chemical that mediates Type 1 hypersensitivity?,"Hypersensitivity is an immune response that damages the body's own tissues. They are divided into four classes (Type I – IV) based on the mechanisms involved and the time course of the hypersensitive reaction. Type I hypersensitivity is an immediate or anaphylactic reaction, often associated with al...",IgE | IgE | IgE,IgE,1,1.0
57273455f1498d1400e8f48f,Genghis_Khan,When was the mausoleum returned to the Lord's Enclosure in Mongolia?,"In 1939 Chinese Nationalist soldiers took the mausoleum from its position at the 'Lord's Enclosure' (Mongolian: Edsen Khoroo) in Mongolia to protect it from Japanese troops. It was taken through Communist-held territory in Yan'an some 900 km on carts to safety at a Buddhist monastery, the Dongshan D...","1954 | 1954 | 1954,",early 1954,0,0.6666666666666666
5728fc2eaf94a219006a9ecb,Immune_system,Vaginal secretions serve as a chemical protective barrier following what?,"Chemical barriers also protect against infection. The skin and respiratory tract secrete antimicrobial peptides such as the β-defensins. Enzymes such as lysozyme and phospholipase A2 in saliva, tears, and breast milk are also antibacterials. Vaginal secretions serve as a chemical barrier following m...",menarche | menarche | menarche,menarche,1,1.0
57268a37f1498d1400e8e33e,Ctenophora,What do beroids typically eat?,"Ctenophores used to be regarded as ""dead ends"" in marine food chains because it was thought their low ratio of organic matter to salt and water made them a poor diet for other animals. It is also often difficult to identify the remains of ctenophores in the guts of possible predators, although the c...",ctenophores | other ctenophores | other ctenophores,other ctenophores,1,1.0
5726ea06dd62a815002e950d,American_Broadcasting_Company,"In 1951, rumors claimed that ABC might be sold to what network?","At the end of 1949, movie theater operator United Paramount Theatres (UPT) was forced by the U.S. Supreme Court to become an independent entity, separating itself from Paramount Pictures. For its part, ABC was on the verge of bankruptcy, with only five owned-and-operated stations and nine full-time ...",CBS | CBS | CBS,CBS,1,1.0
56d9ba95dc89441400fdb754,Super_Bowl_50,What agency did the Spanish version of the Super Bowl?,"On December 28, 2015, ESPN Deportes announced that they had reached an agreement with CBS and the NFL to be the exclusive Spanish-language broadcaster of the game, marking the third dedicated Spanish-language broadcast of the Super Bowl. Unlike NBC and Fox, CBS does not have a Spanish-language outle...",ESPN Deportes | ESPN Deportes | ESPN Deportes,CBS,0,0.0
57263ea0271a42140099d7c4,Packet_switching,What did DECnet originally do ,"DECnet is a suite of network protocols created by Digital Equipment Corporation, originally released in 1975 in order to connect two PDP-11 minicomputers. It evolved into one of the first peer-to-peer network architectures, thus transforming DEC into a networking powerhouse in the 1980s. Initially b...",connect two PDP-11 minicomputers | connect two PDP-11 minicomputers | connect two PDP-11 minicomputers,originally released in 1975 in order to connect two PDP-11 minicomputers,0,0.5333333333333333
572747dd5951b619008f87ab,American_Broadcasting_Company,What was Michael Eisner's main credit in his time at ABC?,"In the early 1970s, Michael Eisner, who joined ABC in 1966, became the network's program development manager. He helped bring about ideas for many series including Happy Days (which originated as a segment on the anthology series Love, American Style), as well as several soap operas; however, Eisner...",youth-oriented programming | developing youth-oriented programming | developing youth-oriented programming,developing youth-oriented programming,1,1.0
56e10aa5cd28a01900c674b5,Nikola_Tesla,In what year did Tesla receive a Nobel Prize bid?,"In the years after these rumors, neither Tesla nor Edison won the prize (although Edison did receive one of 38 possible bids in 1915 and Tesla did receive one of 38 possible bids in 1937)....",1937 | 1937 | 1937,1937,1,1.0
56e07c86231d4119001ac1d1,Nikola_Tesla,"What was it called when Tesla lit a wireless gas-discharge lamp using a high-frequency, high-voltage alternating current?","In 1893, George Westinghouse won the bid to light the 1893 World's Columbian Exposition in Chicago with alternating current, beating out a General Electric bid by one million dollars. This World's Fair devoted a building to electrical exhibits. It was a key event in the history of AC power, as Westi...",Tesla Polyphase System | electrical effects,Tesla Polyphase System,1,1.0
5728eb1a3acd2414000e01c6,Civil_disobedience,Why is the need for acceptance of punishment needed?,"Some civil disobedients feel it is incumbent upon them to accept punishment because of their belief in the validity of the social contract, which is held to bind all to obey the laws that a government meeting certain standards of legitimacy has established, or else suffer the penalties set out in th...",validity of the social contract | their belief in the validity of the social contract | because of their belief in the validity of the social contract | belief in the validity of the social contract | their belief in the validity of the social contract,a violation of criminal law that does not infringe the rights of others,0,0.19999999999999998
5725c69738643c19005accbb,Ctenophora,What does  mnemiopsis eat?,"Ctenophores may be abundant during the summer months in some coastal locations, but in other places they are uncommon and difficult to find. In bays where they occur in very high numbers, predation by ctenophores may control the populations of small zooplanktonic organisms such as copepods, which mi...",fish larvae and organisms | fish larvae and organisms that would otherwise have fed the fish | fish larvae and organisms that would otherwise have fed the fish,fish larvae and organisms that would otherwise have fed the fish,1,1.0
56e748a200c9c71400d76f39,Teacher,What is similar to vocational training?,"A teacher's role may vary among cultures. Teachers may provide instruction in literacy and numeracy, craftsmanship or vocational training, the arts, religion, civics, community roles, or life skills....",craftsmanship | craftsmanship | craftsmanship,craftsmanship,1,1.0
56f8225ea6d7ea1400e173f4,Martin_Luther,Who presided over the assembly?,"The enforcement of the ban on the 95 Theses fell to the secular authorities. On 18 April 1521, Luther appeared as ordered before the Diet of Worms. This was a general assembly of the estates of the Holy Roman Empire that took place in Worms, a town on the Rhine. It was conducted from 28 January to 2...",Emperor Charles V | Emperor Charles V | Emperor Charles V,Emperor Charles V,1,1.0
56dfa7887aa994140058dfab,Nikola_Tesla,What did Tesla work as after dropping out? ,"In December 1878, Tesla left Graz and severed all relations with his family to hide the fact that he dropped out of school. His friends thought that he had drowned in the Mur River. Tesla went to Maribor (now in Slovenia), where he worked as a draftsman for 60 florins a month. He spent his spare tim...",a draftsman | a draftsman | as a draftsman,draftsman,1,1.0
56f87392aef237190062609d,Martin_Luther,Why have modern Lutherans stopped using the hymn?,"Luther's 1524 creedal hymn ""Wir glauben all an einen Gott"" (""We All Believe in One True God"") is a three-stanza confession of faith prefiguring Luther's 1529 three-part explanation of the Apostles' Creed in the Small Catechism. Luther's hymn, adapted and expanded from an earlier German creedal hymn,...",difficulty of its tune | perceived difficulty of its tune | difficulty of its tune,perceived difficulty of its tune,1,1.0
5726a4a9708984140094ccba,Genghis_Khan,When was Temüjin's half-brother Begter killed?,"For the next several years, Hoelun and her children lived in poverty, surviving primarily on wild fruits and ox carcasses, marmots, and other small game killed by Temüjin and his brothers. Begter, Temujin's older half-brother, began to exercise the power of the eldest male in the family and eventual...",during one hunting excursion | one hunting excursion | during one hunting excursion,one hunting excursion,1,1.0
571127a5a58dae1900cd6cc8,Steam_engine,In what geographical portion of Wales is Abercynon located?,"The first full-scale working railway steam locomotive was built by Richard Trevithick in the United Kingdom and, on 21 February 1804, the world's first railway journey took place as Trevithick's unnamed steam locomotive hauled a train along the tramway from the Pen-y-darren ironworks, near Merthyr T...",south | south | south,south Wales,0,0.6666666666666666
5730c6d3b54a4f140068cc4c,United_Methodist_Church,What may be named after a biblical figure?,"Methodist institutions may be named after a biblical figure (e.g., ""St. James UMC""). Methodists also honor notable heroes and heroines of the Christian faith and look to these prominent saints as providing examples of holy living and commitment to Christ that are worthy of imitation (see 1 Corinthia...",Methodist institutions | Methodist institutions | Methodist institutions,Methodist institutions,1,1.0
56d729180d65d21400198428,Super_Bowl_50,How much time was left in the quarter when Stewart got the touchdown?,"After a punt from both teams, Carolina got on track with a 9-play, 73-yard scoring drive. Newton completed 4 of 4 passes for 51 yards and rushed twice for 25 yards, while Jonathan Stewart finished the drive with a 1-yard touchdown run, cutting the score to 10–7 with 11:28 left in the second quarter....",11:28 | 11:28 | 11:28,11:28,1,1.0
572764855951b619008f8954,American_Broadcasting_Company,Who hosts the weeknight talk show featured on ABC networks?,"Daytime programming is also provided from 11:00 a.m. to 3:00 p.m. weekdays (with a one-hour break at 12:00 p.m. Eastern/Pacific for stations to air newscasts, other locally produced programming such as talk shows, or syndicated programs) featuring the talk/lifestyle shows The View and The Chew and t...",Jimmy Kimmel | Jimmy Kimmel | Jimmy Kimmel,Jimmy Kimmel Live!,0,0.8
572671165951b619008f72b9,Newcastle_upon_Tyne,How high are many of the buildings with turrets?,"The historic heart of Newcastle is the Grainger Town area. Established on classical streets built by Richard Grainger, a builder and developer, between 1835 and 1842, some of Newcastle upon Tyne's finest buildings and streets lie within this area of the city centre including Grainger Market, Theatre...",four stories | four stories | four stories high,four stories,1,1.0
56e7477700c9c71400d76f24,Teacher,What is another name to describe the science of teaching?,"The role of teacher is often formal and ongoing, carried out at a school or other place of formal education. In many countries, a person who wishes to become a teacher must first obtain specified professional qualifications or credentials from a university or college. These professional qualificatio...",pedagogy | pedagogy | formal education,pedagogy,1,1.0
56beb6533aeaaa14008c928e,Super_Bowl_50,How many sacks did Derek Wolfe register?,"The Broncos' defense ranked first in the NFL yards allowed (4,530) for the first time in franchise history, and fourth in points allowed (296). Defensive ends Derek Wolfe and Malik Jackson each had 5½ sacks. Pro Bowl linebacker Von Miller led the team with 11 sacks, forced four fumbles, and recovere...",5½ | 5½ | 5½,512,0,0.0
572ffee1947a6a140053cf18,Islamism,What book was Iqbal's seven English lectures published as?,"While studying law and philosophy in England and Germany, Iqbal became a member of the London branch of the All India Muslim League. He came back to Lahore in 1908. While dividing his time between law practice and philosophical poetry, Iqbal had remained active in the Muslim League. He did not suppo...",The Reconstruction of Religious Thought in Islam | The Reconstruction of Religious Thought in Islam | The Reconstruction of Religious Thought in Islam,The Reconstruction of Religious Thought in Islam,1,1.0
5729efab3f37b319004785d0,Immune_system,Dendritic cells are named that because they resemble what?,"Dendritic cells (DC) are phagocytes in tissues that are in contact with the external environment; therefore, they are located mainly in the skin, nose, lungs, stomach, and intestines. They are named for their resemblance to neuronal dendrites, as both have many spine-like projections, but dendritic ...",neuronal dendrites | neuronal dendrites | neuronal dendrites,neuronal dendrites,1,1.0
5727f05b4b864d1900164068,Economic_inequality,What is key to getting the skills needed for high demand jobs?,"An important factor in the creation of inequality is variation in individuals' access to education. Education, especially in an area where there is a high demand for workers, creates high wages for those with this education, however, increases in education first increase and then decrease growth as ...",access to education | Education | education,education,1,1.0
57268d2ddd62a815002e8951,European_Union_law,Who is suited to interpret the Treaties?,"The primary law of the EU consists mainly of the founding treaties, the ""core"" treaties being the Treaty on European Union (TEU) and the Treaty on the Functioning of the European Union (TFEU). The Treaties contain formal and substantive provisions, which frame policies of the European Union institut...",The Court of Justice of the European Union can interpret the Treaties | The Court of Justice of the European Union can interpret the Treaties | The Court of Justice of the European Union | The Court of Justice of the European Union,The Court of Justice of the European Union,1,1.0
56e777e500c9c71400d77179,Teacher,What percentage of primary schools used Welsh primarily or exclusively?,"Education in Wales differs in certain respects from education elsewhere in the United Kingdom. For example, a significant number of students all over Wales are educated either wholly or largely through the medium of Welsh: in 2008/09, 22 per cent of classes in maintained primary schools used Welsh a...",22 | 22 per cent | 22,22 per cent,1,1.0
572821274b864d1900164514,"Jacksonville,_Florida",What makes the Wells Fargo Center stand out?,"The tallest building in Downtown Jacksonville's skyline is the Bank of America Tower, constructed in 1990 as the Barnett Center. It has a height of 617 ft (188 m) and includes 42 floors. Other notable structures include the 37-story Wells Fargo Center (with its distinctive flared base making it the ...",its distinctive flared base | distinctive flared base | distinctive flared base,flared base,0,0.8
5726462b708984140094c119,Packet_switching,Funding limitations allowed CSNET to be what ,"The Computer Science Network (CSNET) was a computer network funded by the U.S. National Science Foundation (NSF) that began operation in 1981. Its purpose was to extend networking benefits, for computer science departments at academic and research institutions that could not be directly connected to...","role in spreading awareness of, and access to, national networking and was a major milestone on the path to development of the global Internet | not be directly connected to ARPANET | not be directly connected to ARPANET",a computer network funded by the U.S. National Science Foundation (NSF) that began operation in 1981,0,0.11428571428571427
572a096e6aef0514001551e7,Immune_system,What is the system by which prokaryotes retain phage gene fragments that they have previously come in contact with?,"It is likely that a multicomponent, adaptive immune system arose with the first vertebrates, as invertebrates do not generate lymphocytes or an antibody-based humoral response. Many species, however, utilize mechanisms that appear to be precursors of these aspects of vertebrate immunity. Immune syst...",CRISPR | CRISPR sequences | CRISPR,CRISPR,1,1.0
56f87000aef2371900626072,Martin_Luther,What art forms did Luther use to connect his hymns?,"Luther was a prolific hymn-writer, authoring hymns such as ""Ein feste Burg ist unser Gott"" (""A Mighty Fortress Is Our God""), based on Psalm 46, and ""Vom Himmel hoch, da komm ich her"" (""From Heaven Above to Earth I Come""), based on Luke 2:11–12. Luther connected high art and folk music, also all clas...",high art and folk music | high art and folk music | singing of German hymns in connection with worship,high art and folk music,1,1.0
57273954708984140094db07,American_Broadcasting_Company,Who was named president of Disney-ABC television group in 2004?,"In 2004, ABC's average viewership declined by ten ratings points, landing the network in fourth place, behind NBC, CBS and Fox (by the following year, the combined season-ending average audience share of ABC, NBC and CBS represented only 32% of U.S. households). However, during the 2004–05 season, t...",Anne Sweeney | Anne Sweeney | Anne Sweeney,Anne Sweeney,1,1.0
57272dd55951b619008f8698,Genghis_Khan,Who was the Tangut general who fought Genghis Khan at Deshun?,"In 1227, Genghis Khan's army attacked and destroyed the Tangut capital of Ning Hia and continued to advance, seizing Lintiao-fu, Xining province, Xindu-fu, and Deshun province in quick succession in the spring. At Deshun, the Tangut general Ma Jianlong put up a fierce resistance for several days and...",Ma Jianlong | Ma Jianlong | Ma Jianlong,Ma Jianlong,1,1.0
57266ab3dd62a815002e8435,Newcastle_upon_Tyne,Who was Cromwell's allies?,"During the English Civil War, the North declared for the King. In a bid to gain Newcastle and the Tyne, Cromwell's allies, the Scots, captured the town of Newburn. In 1644 the Scots then captured the reinforced fortification on the Lawe in South Shields following a siege. In 1644 the city was then b...",the Scots | the Scots | the Scots,the Scots,1,1.0
5726bb645951b619008f7c3b,Genghis_Khan,What dynasty did Genghis Khan plan to attack after conquering Western Xia?,"In 1211, after the conquest of Western Xia, Genghis Khan planned again to conquer the Jin dynasty. The commander of the Jin dynasty army made a tactical mistake in not attacking the Mongols at the first opportunity. Instead, the Jin commander sent a messenger, Ming-Tan, to the Mongol side, who defec...",the Jin dynasty | Jin dynasty. | Jin dynasty,Jin dynasty,1,1.0
5733d249d058e614000b6334,French_and_Indian_War,Where were British defeated in Canada?,"After the disastrous 1757 British campaigns (resulting in a failed expedition against Louisbourg and the Siege of Fort William Henry, which was followed by Indian torture and massacres of British victims), the British government fell. William Pitt came to power and significantly increased British mi...",Sainte Foy in Quebec | Sainte Foy | Sainte Foy in Quebec | Sainte Foy | Sainte Foy,Sainte Foy in Quebec,1,1.0
57276690708984140094dd03,American_Broadcasting_Company,"Which of ABC's main production facilities is located in Hollywood, CA?","All of ABC's owned-and-operated stations and affiliates have had their own facilities and studios, but transverse entities have been created to produce national programming. As a result, television series were produced by ABC Circle Films beginning in 1962 and by Touchstone Television beginning in 1...",ABC Television Center | ABC Television Center | The Prospect Studios,ABC Television Center,1,1.0
5725e95f89a1e219009ac086,Apollo_program,"What Apollo mission was first cancelled due to not being needed to build the Skylab in space, as it was pre-built on the ground?","About the time of the first landing in 1969, it was decided to use an existing Saturn V to launch the Skylab orbital laboratory pre-built on the ground, replacing the original plan to construct it in orbit from several Saturn IB launches; this eliminated Apollo 20. NASA's yearly budget also began to...",Apollo 20 | Saturn V to | Apollo 20 | Apollo 20 | Apollo 20.,Apollo 20,1,1.0
571077ecb654c5140001f90c,Huguenot,What trading company helped settle Huguenots near the Cape?,"Individual Huguenots settled at the Cape of Good Hope from as early as 1671 with the arrival of François Villion (Viljoen). The first Huguenot to arrive at the Cape of Good Hope was however Maria de la Queillerie, wife of commander Jan van Riebeeck (and daughter of a Walloon church minister), who ar...",Dutch East India Company | Dutch East India Company | Dutch East India Company,Dutch East India Company,1,1.0
572860e03acd2414000df97a,Yuan_dynasty,Who was Kublai Khan's grandfather?,"The Yuan dynasty is considered both a successor to the Mongol Empire and an imperial Chinese dynasty. It was the khanate ruled by the successors of Möngke Khan after the division of the Mongol Empire. In official Chinese histories, the Yuan dynasty bore the Mandate of Heaven, following the Song dyna...",Genghis Khan | Genghis Khan | Genghis Khan,Genghis Khan,1,1.0
5726a14c708984140094cc54,European_Union_law,In what does the doctrine of legitimate expectations have roots?,"The concept of legal certainty is recognised one of the general principles of European Union law by the European Court of Justice since the 1960s. It is an important general principle of international law and public law, which predates European Union law. As a general principle in European Union law...",the principles of legal certainty and good faith | the principles of legal certainty and good faith | the principles of legal certainty and good faith,the principles of legal certainty and good faith,1,1.0
57377c98c3c5551400e51efc,Force,What is the principle about relating spin and space variables?,"However, already in quantum mechanics there is one ""caveat"", namely the particles acting onto each other do not only possess the spatial variable, but also a discrete intrinsic angular momentum-like variable called the ""spin"", and there is the Pauli principle relating the space and the spin variable...",Pauli | Pauli principle | Pauli principle | Pauli | Pauli,Pauli principle,1,1.0
56beb90c3aeaaa14008c92c7,Super_Bowl_50,When was Manning picked #1 in the NFL Draft?,"This was the first Super Bowl to feature a quarterback on both teams who was the #1 pick in their draft classes. Manning was the #1 selection of the 1998 NFL draft, while Newton was picked first in 2011. The matchup also pits the top two picks of the 2011 draft against each other: Newton for Carolin...",1998 | 1998 | 1998,1998,1,1.0
57290f963f37b31900477fec,Kenya,Who brought together the former rivals at the signing ceremony?,The new office of the PM will have power and authority to co-ordinate and supervise the functions of the Government and will be occupied by an elected MP who will be the leader of the party or coalition with majority members in Parliament. The world watched Annan and his UN-backed panel and African ...,Annan and his UN-backed panel and African Union chairman Jakaya Kikwete | Annan and his UN-backed panel and African Union chairman Jakaya Kikwete | Jakaya Kikwete,Annan and his UN-backed panel and African Union chairman Jakaya Kikwete,1,1.0
572702a3dd62a815002e9790,Victoria_and_Albert_Museum,Who were the sculpture galleries that opened in 2006 named after?,"With the opening of the Dorothy and Michael Hintze sculpture galleries in 2006 it was decided to extend the chronology of the works on display up to 1950; this has involved loans by other museums, including Tate Britain, so works by Henry Moore and Jacob Epstein along with other of their contemporar...",Dorothy and Michael Hintze | Dorothy and Michael Hintze | Dorothy and Michael Hintze,Dorothy and Michael Hintze,1,1.0
572976183f37b31900478435,Chloroplast,What might starch grains be a side effect of?,"Alternatively, glucose monomers in the chloroplast can be linked together to make starch, which accumulates into the starch grains found in the chloroplast. Under conditions such as high atmospheric CO2 concentrations, these starch grains may grow very large, distorting the grana and thylakoids. The...",another photosynthesis-depressing factor | another photosynthesis-depressing factor | another photosynthesis-depressing factor,another photosynthesis-depressing factor,1,1.0
5726f36cdd62a815002e9600,Pharmacy,What types of diseases are specialty drugs often used against?,"Specialty pharmacies supply high cost injectable, oral, infused, or inhaled medications that are used for chronic and complex disease states such as cancer, hepatitis, and rheumatoid arthritis. Unlike a traditional community pharmacy where prescriptions for any common medication can be brought in an...","cancer, hepatitis, and rheumatoid arthritis | chronic and complex disease states | chronic and complex disease states such as cancer, hepatitis, and rheumatoid arthritis","cancer, hepatitis, and rheumatoid arthritis",1,1.0
572f60f4947a6a140053c8ed,Rhine,How long is the Upper Rhine Plain?,"In the centre of Basel, the first major city in the course of the stream, is located the ""Rhine knee""; this is a major bend, where the overall direction of the Rhine changes from West to North. Here the High Rhine ends. Legally, the Central Bridge is the boundary between High and Upper Rhine. The ri...",300 km long | 300 km long | 300 km long,300 km long,1,1.0
572759665951b619008f8886,Private_school,What is the citation for the Pierce v. Society of Sisters case?,"Private schooling in the United States has been debated by educators, lawmakers and parents, since the beginnings of compulsory education in Massachusetts in 1852. The Supreme Court precedent appears to favor educational choice, so long as states may set standards for educational accomplishment. Som...",268 U.S. 510 | 268 U.S. 510 | 268 U.S. 510 (1925),268 U.S. 510,1,1.0
57268527708984140094c8c0,Geology,In 1785 James Hutton presented what paper to the Royal Society of Edinburgh?,"James Hutton is often viewed as the first modern geologist. In 1785 he presented a paper entitled Theory of the Earth to the Royal Society of Edinburgh. In his paper, he explained his theory that the Earth must be much older than had previously been supposed in order to allow enough time for mountai...",Theory of the Earth | Theory of the Earth | Theory of the Earth,Theory of the Earth,1,1.0
572a13841d0469140077973c,Economic_inequality,"The Kuznets curve says with economic development, inequality will decrease after what?","Studies on income inequality and growth have sometimes found evidence confirming the Kuznets curve hypothesis, which states that with economic development, inequality first increases, then decreases. Economist Thomas Piketty challenges this notion, claiming that from 1914 to 1945 wars and ""violent e...",first increases | inequality first increases | increases,increases,1,1.0
57265746dd62a815002e8219,Ctenophora,What does the pleurobrachia have on opposite sides of its body?,"Cydippid ctenophores have bodies that are more or less rounded, sometimes nearly spherical and other times more cylindrical or egg-shaped; the common coastal ""sea gooseberry,"" Pleurobrachia, sometimes has an egg-shaped body with the mouth at the narrow end, although some individuals are more uniform...","a pair of long, slender tentacles | long, slender tentacles | a pair of long, slender tentacles",tentacles,0,0.5
572745c6708984140094db99,Construction,Construction involves the translation of what?,"In the modern industrialized world, construction usually involves the translation of designs into reality. A formal design team may be assembled to plan the physical proceedings, and to integrate those proceedings with the other parts. The design usually consists of drawings and specifications, usua...",designs into reality | designs into reality | designs into reality,designs into reality,1,1.0
572853e8ff5b5019007da18a,University_of_Chicago,UChicago claims to have what kind of learning experience compared to other universities? ,"Undergraduate students are required to take a distribution of courses to satisfy the university's core curriculum known as the Common Core. In 2012-2013, the Core classes at Chicago were limited to 17 students, and are generally led by a full-time professor (as opposed to a teaching assistant). As o...","the most rigorous, intense | the most rigorous, intense","rigorous, intense",0,0.8
572647e2dd62a815002e805c,Packet_switching,What is NSFNET,"The National Science Foundation Network (NSFNET) was a program of coordinated, evolving projects sponsored by the National Science Foundation (NSF) beginning in 1985 to promote advanced research and education networking in the United States. NSFNET was also the name given to several nationwide backb...",The National Science Foundation Network | National Science Foundation Network | National Science Foundation Network,"a program of coordinated, evolving projects sponsored by the National Science Foundation (NSF) beginning in 1985 to promote advanced research and education networking in the United States.",0,0.21428571428571427
56dfa3394a1a83140091ec00,Nikola_Tesla,What did Tesla dress in while in Tominaj?,"In 1874, Tesla evaded being drafted into the Austro-Hungarian Army in Smiljan by running away to Tomingaj, near Gračac. There, he explored the mountains in hunter's garb. Tesla said that this contact with nature made him stronger, both physically and mentally. He read many books while in Tomingaj, a...",hunter's garb | hunter's garb | hunter's garb,hunter's garb,1,1.0
57336755d058e614000b5a40,Warsaw,What park covers an area of 76 ha.?,"The Saxon Garden, covering the area of 15.5 ha, was formally a royal garden. There are over 100 different species of trees and the avenues are a place to sit and relax. At the east end of the park, the Tomb of the Unknown Soldier is situated. In the 19th century the Krasiński Palace Garden was remod...",Łazienki | Łazienki Park | Łazienki Park,azienki Park,0,0.5
5726a638dd62a815002e8bf9,European_Union_law,Which article made provisions for concentrations or mergers and the abuse of a dominant position by companies?,"EU Competition law has its origins in the European Coal and Steel Community (ECSC) agreement between France, Italy, Belgium, the Netherlands, Luxembourg and Germany in 1951 following the second World War. The agreement aimed to prevent Germany from re-establishing dominance in the production of coal...",article 66 | 66 | 66,article 66,1,1.0
571cd3b55efbb31900334e03,Oxygen,What device is used to treat various conditions such as carbon monoxide poisoning?,"Hyperbaric (high-pressure) medicine uses special oxygen chambers to increase the partial pressure of O 2 around the patient and, when needed, the medical staff. Carbon monoxide poisoning, gas gangrene, and decompression sickness (the 'bends') are sometimes treated using these devices. Increased O 2 ...",Hyperbaric (high-pressure) medicine | special oxygen chambers | oxygen chambers | oxygen chambers | oxygen chambers,Hyperbaric (high-pressure) medicine,1,1.0
570614ff52bb89140068988b,Southern_California,The Bruins belong to which college?,"College sports are also popular in southern California. The UCLA Bruins and the USC Trojans both field teams in NCAA Division I in the Pac-12 Conference, and there is a longtime rivalry between the schools....",UCLA | UCLA | UCLA,UCLA,1,1.0
57376a1bc3c5551400e51ec7,Force,What geometric shape is used in equations to determine net force?,"Historically, forces were first quantitatively investigated in conditions of static equilibrium where several forces canceled each other out. Such experiments demonstrate the crucial properties that forces are additive vector quantities: they have magnitude and direction. When two forces act on a po...",parallelogram | parallelogram | parallelogram | parallelogram | parallelogram,point particle,0,0.0
571114cfb654c5140001fb0b,Huguenot,What was the king's first approach to the Huguenots?,"Louis XIV gained the throne in 1643 and acted increasingly aggressively to force the Huguenots to convert. At first he sent missionaries, backed by a fund to financially reward converts to Catholicism. Then he imposed penalties, closed Huguenot schools and excluded them from favored professions. Esc...","he sent missionaries, backed by a fund to financially reward converts | missionaries | At first he sent missionaries, backed by a fund to financially reward converts to Catholicism",sent missionaries,0,0.6666666666666666
5726da89dd62a815002e92b4,Pharmacy,What is a main duty of the GPhC?,A Pharmacy Technician in the UK is considered a health care professional and often does not work under the direct supervision of a pharmacist (if employed in a hospital pharmacy) but instead is supervised and managed by other senior pharmacy technicians. In the UK the role of a PhT has grown and res...,regulates the practice of pharmacists and pharmacy technicians | governing body for pharmacy health care professionals | regulates the practice of pharmacists and pharmacy technicians,regulates the practice of pharmacists and pharmacy technicians,1,1.0
5725d79e89a1e219009abf92,Apollo_program,"What was originally on the spacesuits prior to the clear ""fishbowl"" helmet?","After an unmanned LM test flight AS-206, a crew would fly the first Block II CSM and LM in a dual mission known as AS-207/208, or AS-278 (each spacecraft would be launched on a separate Saturn IB.) The Block II crew positions were titled Commander (CDR) Command Module Pilot (CMP) and Lunar Module Pi...",traditional visor helmet | visor helmet | visor helmet | visor helmet | visor helmet,visor,0,0.6666666666666666
572686ac5951b619008f75ad,Geology,What was the memoir entitled which was submitted to the American Philosophical Society?,"The first geological map of the U.S. was produced in 1809 by William Maclure. In 1807, Maclure commenced the self-imposed task of making a geological survey of the United States. Almost every state in the Union was traversed and mapped by him, the Allegheny Mountains being crossed and recrossed some...",Observations on the Geology of the United States explanatory of a Geological Map | Observations on the Geology of the United States explanatory of a Geological Map | Observations on the Geology of the United States,Observations on the Geology of the United States explanatory of a Geological Map,1,1.0
5705e63175f01819005e7720,Southern_California,The cities of Los Angeles and San Diego are a part of which state?,"Within southern California are two major cities, Los Angeles and San Diego, as well as three of the country's largest metropolitan areas. With a population of 3,792,621, Los Angeles is the most populous city in California and the second most populous in the United States. To the south and with a pop...",California | California | California,southern California,0,0.6666666666666666
56e7752337bdd419002c3fd5,Teacher,What do counties sometimes offer to get more teachers?,"Many counties offer alternative licensing programs to attract people into teaching, especially for hard-to-fill positions. Excellent job opportunities are expected as retirements, especially among secondary school teachers, outweigh slowing enrollment growth; opportunities will vary by geographic ar...",alternative licensing programs | alternative licensing programs | alternative licensing programs,alternative licensing programs,1,1.0
56e1ce08e3433e14004231a8,Computational_complexity_theory,A problem set that that is hard for the expression NP can also be stated how?,"This motivates the concept of a problem being hard for a complexity class. A problem X is hard for a class of problems C if every problem in C can be reduced to X. Thus no problem in C is harder than X, since an algorithm for X allows us to solve any problem in C. Of course, the notion of hard probl...",NP-hard | NP-hard | NP-hard problems,NP-hard problems,1,1.0
57265e11708984140094c3bd,1973_oil_crisis,"Why did Saudi Arabia try to increase production, and reduce profits for high cost producers?","OPEC soon lost its preeminent position, and in 1981, its production was surpassed by that of other countries. Additionally, its own member nations were divided. Saudi Arabia, trying to recover market share, increased production, pushing prices down, shrinking or eliminating profits for high-cost pro...",recover market share | trying to recover market share | recover market share | to recover market share | recover market share,recover market share,1,1.0
57265285708984140094c25c,Black_Death,How significant was the transfer of disease through fleas?,"In addition to arguing that the rat population was insufficient to account for a bubonic plague pandemic, sceptics of the bubonic plague theory point out that the symptoms of the Black Death are not unique (and arguably in some accounts may differ from bubonic plague); that transference via fleas in...",of marginal significance | marginal | marginal,marginal significance,0,0.8
5728f7774b864d190016512e,Immune_system,The adaptive immune system must distinguish between what types of molecules?,"Both innate and adaptive immunity depend on the ability of the immune system to distinguish between self and non-self molecules. In immunology, self molecules are those components of an organism's body that can be distinguished from foreign substances by the immune system. Conversely, non-self molec...",self and non-self | self and non-self | self and non-self molecules,self and non-self,1,1.0
572944e03f37b319004781e4,Intergovernmental_Panel_on_Climate_Change,"How many Medieval Warm Period reconstructions covered 1,000+ years?","The IPCC Fourth Assessment Report (AR4) published in 2007 featured a graph showing 12 proxy based temperature reconstructions, including the three highlighted in the 2001 Third Assessment Report (TAR); Mann, Bradley & Hughes 1999 as before, Jones et al. 1998 and Briffa 2000 had both been calibrated ...",Ten | 14 | Ten,Ten,1,1.0
56e1127bcd28a01900c6754b,Nikola_Tesla,Who transported Tesla's ashes from the US.,"In 1952, following pressure from Tesla's nephew, Sava Kosanović, Tesla's entire estate was shipped to Belgrade in 80 trunks marked N.T. In 1957, Kosanović's secretary Charlotte Muzar transported Tesla's ashes from the United States to Belgrade. The ashes are displayed in a gold-plated sphere on a ma...",Charlotte Muzar | Charlotte Muzar | Charlotte Muzar,Charlotte Muzar,1,1.0
572810ec2ca10214002d9d07,"Jacksonville,_Florida","Soon after gaining Florida, what did the English do?","Spain ceded Florida to the British in 1763 after the French and Indian War, and the British soon constructed the King's Road connecting St. Augustine to Georgia. The road crossed the St. Johns River at a narrow point, which the Seminole called Wacca Pilatka and the British called the Cow Ford or Cow...",constructed the King's Road | constructed the King's Road | constructed the King's Road,built the King's Road connecting St. Augustine to Georgia.,0,0.36363636363636365
5729f1283f37b319004785d7,Economic_inequality,What scale does trade liberalization shift economic inequality from?,"Trade liberalization may shift economic inequality from a global to a domestic scale. When rich countries trade with poor countries, the low-skilled workers in the rich countries may see reduced wages as a result of the competition, while low-skilled workers in the poor countries may see increased w...",global | global | global,global,1,1.0
57293e221d046914007791d5,Intergovernmental_Panel_on_Climate_Change,What does the WG I Summary for Policymakers report say human activities are doing to greenhouse gases?,"The executive summary of the WG I Summary for Policymakers report says they are certain that emissions resulting from human activities are substantially increasing the atmospheric concentrations of the greenhouse gases, resulting on average in an additional warming of the Earth's surface. They calcu...",substantially increasing the atmospheric concentrations | substantially increasing the atmospheric concentrations of the greenhouse gases | substantially increasing the atmospheric concentrations,substantially increasing the atmospheric concentrations of the greenhouse gases,1,1.0
5728eff82ca10214002daadd,Immune_system,What are the agents the immune system detects known as?,"The immune system is a system of many biological structures and processes within an organism that protects against disease. To function properly, an immune system must detect a wide variety of agents, known as pathogens, from viruses to parasitic worms, and distinguish them from the organism's own h...",pathogens | pathogens | pathogens | pathogens,pathogens,1,1.0
57265285708984140094c25b,Black_Death,Why might rats not be responsible for the plague?,"In addition to arguing that the rat population was insufficient to account for a bubonic plague pandemic, sceptics of the bubonic plague theory point out that the symptoms of the Black Death are not unique (and arguably in some accounts may differ from bubonic plague); that transference via fleas in...",the rat population was insufficient | rat population was insufficient | rat population was insufficient to account for a bubonic plague pandemic,too cold in northern Europe,0,0.0
572958cc6aef051400154d2e,Chloroplast,What kind of structure is a carboxysome?,"The alga Cyanophora, a glaucophyte, is thought to be one of the first organisms to contain a chloroplast. The glaucophyte chloroplast group is the smallest of the three primary chloroplast lineages, being found in only 13 species, and is thought to be the one that branched off the earliest. Glaucoph...",icosahedral | icosahedral | icosahedral,icosahedral structure,0,0.6666666666666666
56de4a474396321400ee2786,Normans,Where are Jersey and Guernsey,The customary law of Normandy was developed between the 10th and 13th centuries and survives today through the legal systems of Jersey and Guernsey in the Channel Islands. Norman customary law was transcribed in two customaries in Latin by two judges for use by them and their colleagues: These are t...,Channel Islands | the Channel Islands | the Channel Islands,the Channel Islands,1,1.0
56be53b8acb8001400a50316,Super_Bowl_50,In what year did Roger Goodell call Super Bowl 50 'an important game for us as a league'?,"In early 2012, NFL Commissioner Roger Goodell stated that the league planned to make the 50th Super Bowl ""spectacular"" and that it would be ""an important game for us as a league""....",2012 | 2012 | 2012,2012,1,1.0
56d9c3a6dc89441400fdb7b8,Super_Bowl_50,Which MVP honoree died in 2001?,"In honor of the 50th Super Bowl, the pregame ceremony featured the on-field introduction of 39 of the 43 previous Super Bowl Most Valuable Players. Bart Starr (MVP of Super Bowls I and II) and Chuck Howley (MVP of Super Bowl V) appeared via video, while Peyton Manning (MVP of Super Bowl XLI and curr...",Harvey Martin | Harvey Martin | Harvey Martin,Harvey Martin,1,1.0
5728f9cf4b864d1900165166,Kenya,What are the biggest game animals of Kenya called?,"The ""Big Five"" game animals of Africa, that is the lion, leopard, buffalo, rhinoceros, and elephant, can be found in Kenya and in the Masai Mara in particular. A significant population of other wild animals, reptiles and birds can be found in the national parks and game reserves in the country. The ...","The ""Big Five"" | Big Five | Big Five","lion, leopard, buffalo, rhinoceros, and elephant",0,0.0
571cca4add7acb1400e4c152,Oxygen,"At first, what did oxygen and iron combine to form?","Free oxygen gas was almost nonexistent in Earth's atmosphere before photosynthetic archaea and bacteria evolved, probably about 3.5 billion years ago. Free oxygen first appeared in significant quantities during the Paleoproterozoic eon (between 3.0 and 2.3 billion years ago). For the first billion y...",banded iron formations | banded iron formations | banded iron formations | banded iron formations | banded iron,banded iron formations,1,1.0
5730b7ce069b5314008322c6,Imperialism,What caused the US public to condemn the occupation of the philippines?,"The early United States expressed its opposition to Imperialism, at least in a form distinct from its own Manifest Destiny, through policies such as the Monroe Doctrine. However, beginning in the late 19th and early 20th century, policies such as Theodore Roosevelt’s interventionism in Central Ameri...",a war erupted | a war erupted | war | war | war,a war,1,1.0
5733a6ac4776f41900660f59,Warsaw,When did Tamara marry a lawyer?,"Tamara de Lempicka was a famous artist born in Warsaw. She was born Maria Górska in Warsaw to wealthy parents and in 1916 married a Polish lawyer Tadeusz Łempicki. Better than anyone else she represented the Art Deco style in painting and art. Nathan Alterman, the Israeli poet, was born in Warsaw, a...",1916 | 1916 | 1916,1916,1,1.0
57286bb84b864d19001649c9,Yuan_dynasty,What does 'Pax Mongolica' mean?,"Kublai Khan promoted commercial, scientific, and cultural growth. He supported the merchants of the Silk Road trade network by protecting the Mongol postal system, constructing infrastructure, providing loans that financed trade caravans, and encouraging the circulation of paper banknotes (鈔, Chao)....",Mongol peace | Mongol peace | Mongol peace,Mongol peace,1,1.0
572685cd5951b619008f7577,Victoria_and_Albert_Museum,Which German architect was asked to produce a design for the museum?,"The V&A has its origins in the Great Exhibition of 1851, with which Henry Cole, the museum's first director, was involved in planning; initially it was known as the Museum of Manufactures, first opening in May 1852 at Marlborough House, but by September had been transferred to Somerset House. At thi...",Gottfried Semper | Gottfried Semper | Gottfried Semper,Gottfried Semper,1,1.0
57274f49f1498d1400e8f621,Private_school,In what city is Rangi Ruru Girls' School?,"Private schools are often Anglican, such as King's College and Diocesan School for Girls in Auckland, St Paul's Collegiate School in Hamilton, St Peter's School in Cambridge, Samuel Marsden Collegiate School in Wellington, and Christ's College and St Margaret's College in Christchurch; or Presbyteri...",Christchurch | Christchurch | Christchurch,Christchurch,1,1.0
572a05eb3f37b31900478654,Economic_inequality,What is the most important problem in the United States and elsewhere?,"2013 Economics Nobel prize winner Robert J. Shiller said that rising inequality in the United States and elsewhere is the most important problem. Increasing inequality harms economic growth. High and persistent unemployment, in which inequality increases, has a negative effect on subsequent long-run...",rising inequality | rising inequality | rising inequality,rising inequality,1,1.0
572a20816aef0514001552e8,Economic_inequality,"When are inequalities in wealth justified, according to John Rawls?","Robert Nozick argued that government redistributes wealth by force (usually in the form of taxation), and that the ideal moral society would be one where all individuals are free from force. However, Nozick recognized that some modern economic inequalities were the result of forceful taking of prope...",when they improve society as a whole | when they improve society as a whole | when they improve society as a whole,"when they improve society as a whole, including the poorest members",0,0.8
56e1b169cd28a01900c67a75,Computational_complexity_theory,"What commonality do alternate machine models, such as random access machines, share with Turing machines?","Many machine models different from the standard multi-tape Turing machines have been proposed in the literature, for example random access machines. Perhaps surprisingly, each of these models can be converted to another without providing any extra computational power. The time and memory consumption...",the machines operate deterministically | deterministically | the machines operate deterministically,operate deterministically,0,0.8
56f87000aef2371900626075,Martin_Luther,What instrument became a national instrument in Germany?,"Luther was a prolific hymn-writer, authoring hymns such as ""Ein feste Burg ist unser Gott"" (""A Mighty Fortress Is Our God""), based on Psalm 46, and ""Vom Himmel hoch, da komm ich her"" (""From Heaven Above to Earth I Come""), based on Luke 2:11–12. Luther connected high art and folk music, also all clas...",waldzither | waldzither | waldzither,waldzither,1,1.0
56e0b9d57aa994140058e6c1,Nikola_Tesla,When did Tesla come to the US?,"Tesla gained experience in telephony and electrical engineering before emigrating to the United States in 1884 to work for Thomas Edison in New York City. He soon struck out on his own with financial backers, setting up laboratories and companies to develop a range of electrical devices. His patente...",1884 | 1884 | 1884,1884,1,1.0
57274ca8dd62a815002e9aa6,Private_school,What is the full name of the ASER?,"Legally, only non-profit trusts and societies can run schools in India. They will have to satisfy a number of infrastructure and human resource related criteria to get Recognition (a form of license) from the government. Critics of this system point out that this leads to corruption by school inspec...",Annual Status of Education Report | Annual Status of Education Report | Annual Status of Education Report,The Annual Status of Education Report,1,1.0
5729fd111d046914007796a5,Immune_system,Plants lack what kind of immune cells?,"Unlike animals, plants lack phagocytic cells, but many plant immune responses involve systemic chemical signals that are sent through a plant. Individual plant cells respond to molecules associated with pathogens known as Pathogen-associated molecular patterns or PAMPs. When a part of a plant become...",phagocytic cells | phagocytic | phagocytic cells,phagocytic cells,1,1.0
57286192ff5b5019007da1dd,Yuan_dynasty,What writing inspired the name Great Yuan?,"In 1271, Kublai Khan imposed the name Great Yuan (Chinese: 大元; pinyin: Dà Yuán; Wade–Giles: Ta-Yüan), establishing the Yuan dynasty. ""Dà Yuán"" (大元) is from the sentence ""大哉乾元"" (dà zai Qián Yuán / ""Great is Qián, the Primal"") in the Commentaries on the Classic of Changes (I Ching) section regarding Q...",the Commentaries on the Classic of Changes (I Ching) | the Commentaries on the Classic of Changes,Kublai Khan,0,0.0
57274f49f1498d1400e8f61e,Private_school,What denomination is the Diocesan School for Girls in Auckland affiliated with?,"Private schools are often Anglican, such as King's College and Diocesan School for Girls in Auckland, St Paul's Collegiate School in Hamilton, St Peter's School in Cambridge, Samuel Marsden Collegiate School in Wellington, and Christ's College and St Margaret's College in Christchurch; or Presbyteri...",Anglican | Anglican | Anglican,Anglican,1,1.0
57339a554776f41900660e74,Warsaw,Where are some of the best medical facilities in East-Central Europe located?,"Today, Warsaw has some of the best medical facilities in Poland and East-Central Europe. The city is home to the Children's Memorial Health Institute (CMHI), the highest-reference hospital in all of Poland, as well as an active research and education center. While the Maria Skłodowska-Curie Institut...",Warsaw | Warsaw | Warsaw,Warsaw,1,1.0
570d391fb3d812140066d578,Victoria_(Australia),What is the temperature in the highest portion of the mountain range in winter?,The Victorian Alps in the northeast are the coldest part of Victoria. The Alps are part of the Great Dividing Range mountain system extending east-west through the centre of Victoria. Average temperatures are less than 9 °C (48 °F) in winter and below 0 °C (32 °F) in the highest parts of the ranges....,below 0 °C | below 0 °C | below 0 °C (32 °F),0 °C (32 °F),0,0.888888888888889
56e76f7000c9c71400d7712f,Teacher,What is used to decide a teacher's salary?,"In Germany, teachers are mainly civil servants recruited in special university classes, called Lehramtstudien (Teaching Education Studies). There are many differences between the teachers for elementary schools (Grundschule), lower secondary schools (Hauptschule), middle level secondary schools (Rea...",civil servants' salary index scale (Bundesbesoldungsordnung) | Bundesbesoldungsordnung | civil servants' salary index scale,the civil servants' salary index scale,1,1.0
57286d7d4b864d19001649e0,University_of_Chicago,What minimalist composer is also a university graduate?,"In the arts and entertainment, minimalist composer Philip Glass, dancer, choreographer and leader in the field of dance anthropology Katherine Dunham, Bungie founder and developer of the Halo video game series Alex Seropian, Serial host Sarah Koenig, actor Ed Asner, Pulitzer Prize for Criticism winn...",Philip Glass | Philip Glass | Philip Glass,Philip Glass,1,1.0
5725e08389a1e219009ac012,Apollo_program,"When was Apollo 6, or AS-502, tested?","The delay in the CSM caused by the fire enabled NASA to catch up on man-rating the LM and Saturn V. Apollo 4 (AS-501) was the first unmanned flight of the Saturn V, carrying a Block I CSM on November 9, 1967. The capability of the Command Module's heat shield to survive a trans-lunar reentry was dem...","April 4, 1968 | 1968 | April 4, 1968 | April 4, 1968 | April 4, 1968","April 4, 1968",1,1.0
5726c4c8708984140094d0f7,Genghis_Khan,What does legend say Genghis Khan used to obliterate the Kharezmid emporer's place of birth?,"The Mongols' conquest, even by their own standards, was brutal. After the capital Samarkand fell, the capital was moved to Bukhara by the remaining men, while Genghis Khan ordered two of his generals and their forces to completely destroy the remnants of the Khwarezmid Empire, including not only roy...",a river | a river | a river,a river,1,1.0
56becaf93aeaaa14008c9484,Super_Bowl_50,What player played in the Super Bowl after breaking his arm two weeks before?,"Manning finished the game 13 of 23 for 141 yards with one interception and zero touchdowns. Sanders was his top receiver with six receptions for 83 yards. Anderson was the game's leading rusher with 90 yards and a touchdown, along with four receptions for 10 yards. Miller had six total tackles (five...",Thomas Davis | Thomas Davis | Davis,Thomas Davis,1,1.0
572a03a06aef0514001551ae,Amazon_rainforest,What are the main threats facing the Amazon rainforest in the current century?,"One computer model of future climate change caused by greenhouse gas emissions shows that the Amazon rainforest could become unsustainable under conditions of severely reduced rainfall and increased temperatures, leading to an almost complete loss of rainforest cover in the basin by 2100. However, s...",climate change in addition to deforestation | climate change in addition to deforestation | climate change in addition to deforestation,climate change,0,0.5
56f88c37aef2371900626176,Martin_Luther,When did Philip I convene an assembly to set doctrine in the Protestant states?,"In October 1529, Philip I, Landgrave of Hesse, convoked an assembly of German and Swiss theologians at the Marburg Colloquy, to establish doctrinal unity in the emerging Protestant states. Agreement was achieved on fourteen points out of fifteen, the exception being the nature of the Eucharist – the...",October 1529 | October 1529 | 1529,October 1529,1,1.0
5725b77889a1e219009abd55,Apollo_program,What Apollo mission was the sixth moon landing?,"Apollo set several major human spaceflight milestones. It stands alone in sending manned missions beyond low Earth orbit. Apollo 8 was the first manned spacecraft to orbit another celestial body, while the final Apollo 17 mission marked the sixth Moon landing and the ninth manned mission beyond low ...",Apollo 17 | Apollo 17 | Apollo 17 | Apollo 17 | Apollo 17,Apollo 17,1,1.0
56dfa0d84a1a83140091ebb9,Nikola_Tesla,Where did Tesla live for much of his life?,"Tesla was renowned for his achievements and showmanship, eventually earning him a reputation in popular culture as an archetypal ""mad scientist"". His patents earned him a considerable amount of money, much of which was used to finance his own projects with varying degrees of success.:121,154 He live...",New York hotels | New York hotels | New York hotels,New York hotels,1,1.0
57297547af94a219006aa45b,Prime_number,What number did early Greeks not regard as a true number?,"Most early Greeks did not even consider 1 to be a number, so they could not consider it to be a prime. By the Middle Ages and Renaissance many mathematicians included 1 as the first prime number. In the mid-18th century Christian Goldbach listed 1 as the first prime in his famous correspondence with...",1 | 1 | 1 | 1 | 1,1,1,1.0
57265700dd62a815002e820e,Black_Death,How many were killed by plague in Italy in the 17th century?,"In the first half of the 17th century, a plague claimed some 1.7 million victims in Italy, or about 14% of the population. In 1656, the plague killed about half of Naples' 300,000 inhabitants. More than 1.25 million deaths resulted from the extreme incidence of plague in 17th-century Spain. The plag...",some 1.7 million victims | 1.7 million | 1.7 million,1.7 million,1,1.0
572801823acd2414000df1fd,Doctor_Who,When was an extended episode of Doctor Who shown?,"The serial format changed for the 2005 revival, with each series usually consisting of 13 45-minute, self-contained episodes (60 minutes with adverts, on overseas commercial channels), and an extended episode broadcast on Christmas Day. Each series includes several standalone and multi-part stories,...",Christmas Day | Christmas Day | Christmas Day,Christmas Day,1,1.0
5727678e5951b619008f8974,American_Broadcasting_Company,What programs are broadcast from the Times Square Studios for ABC?,"ABC also owns the Times Square Studios at 1500 Broadway on land in Times Square owned by a development fund for the 42nd Street Project; opened in 1999, Good Morning America and Nightline are broadcast from this particular facility. ABC News has premises a little further on West 66th Street, in a si...",Good Morning America and Nightline | Good Morning America and Nightline | Good Morning America and Nightline,Good Morning America and Nightline,1,1.0
57276d7f708984140094dd42,American_Broadcasting_Company,Very small markets had to wait until what decade to support an ABC affiliate?,"As a result, with the exception of the largest markets, ABC was relegated to secondary status on one or both of the existing stations, usually via off-hours clearances (a notable exception during this time was WKST-TV in Youngstown, Ohio, now WYTV, despite the small size of the surrounding market an...",1980s | 1980s or even the advent of digital television in the 2000s | 1980s or even the advent of digital television in the 2000s,1980s,1,1.0
57280f0d3acd2414000df35f,Doctor_Who,In what episode did Doctor Who acknowledge having had a brother?,"The programme's first serial, An Unearthly Child, shows that the Doctor has a granddaughter, Susan Foreman. In the 1967 serial, Tomb of the Cybermen, when Victoria Waterfield doubts the Doctor can remember his family because of, ""being so ancient"", the Doctor says that he can when he really wants to...",Smith and Jones | Smith and Jones | Smith and Jones,Smith and Jones,1,1.0
5705fc3a52bb89140068976a,Southern_California,What kind of climate does southern California maintain?,"Southern California contains a Mediterranean climate, with infrequent rain and many sunny days. Summers are hot and dry, while winters are a bit warm or mild and wet. Serious rain can occur unusually. In the summers, temperature ranges are 90-60's while as winters are 70-50's, usually all of Souther...",Mediterranean | a Mediterranean climate | Mediterranean,Mediterranean,1,1.0
5729f3831d0469140077967b,Amazon_rainforest,Which animal that lives in the Amazon river may produce a deadly shock?,"The rainforest contains several species that can pose a hazard. Among the largest predatory creatures are the black caiman, jaguar, cougar, and anaconda. In the river, electric eels can produce an electric shock that can stun or kill, while piranha are known to bite and injure humans. Various specie...",electric eels | electric eels | electric eels,electric eels,1,1.0
5729735c3f37b319004783fd,Chloroplast,What does turning sideways protect chloroplasts from?,"The chloroplasts of plant and algal cells can orient themselves to best suit the available light. In low-light conditions, they will spread out in a sheet—maximizing the surface area to absorb light. Under intense light, they will seek shelter by aligning in vertical columns along the plant cell's c...",photooxidative damage | photooxidative damage | photooxidative damage,photooxidative damage,1,1.0
572634a789a1e219009ac56f,Packet_switching,How is packet switching characterized ,"Packet switching contrasts with another principal networking paradigm, circuit switching, a method which pre-allocates dedicated network bandwidth specifically for each communication session, each having a constant bit rate and latency between nodes. In cases of billable services, such as cellular c...","by a fee per unit of information transmitted, such as characters, packets, or messages | a fee per unit of information transmitted | fee per unit of information transmitted","a fee per unit of information transmitted, such as characters, packets, or messages",0,0.9600000000000001
57269d745951b619008f77d9,Newcastle_upon_Tyne,How long has Radio Tyneside been the voluntary hospital radio service?,"NE1fm launched on 8 June 2007, the first full-time community radio station in the area. Newcastle Student Radio is run by students from both of the city's universities, broadcasting from Newcastle University's student's union building during term time. Radio Tyneside has been the voluntary hospital ...",since 1951 | 1951 | since 1951,1951,1,1.0
573005b9947a6a140053cf6e,Islamism,What gained ground when Arab nationalism suffered?,"The quick and decisive defeat of the Arab troops during the Six-Day War by Israeli troops constituted a pivotal event in the Arab Muslim world. The defeat along with economic stagnation in the defeated countries, was blamed on the secular Arab nationalism of the ruling regimes. A steep and steady de...",anti-democratic Islamist movements | anti-democratic Islamist movements inspired by Maududi and Sayyid Qutb | anti-democratic Islamist movements,Islamist movements inspired by Maududi and Sayyid Qutb,0,0.9411764705882353
56f87760aef23719006260d0,Martin_Luther,"What did the hymn, Aus tiefer Not express?","Luther wrote ""Aus tiefer Not schrei ich zu dir"" (""From depths of woe I cry to you"") in 1523 as a hymnic version of Psalm 130 and sent it as a sample to encourage evangelical colleagues to write psalm-hymns for use in German worship. In a collaboration with Paul Speratus, this and seven other hymns w...",Reformation doctrine | essential Reformation doctrine | essential Reformation doctrine,essential Reformation doctrine,1,1.0
56e08d32231d4119001ac2b0,Nikola_Tesla,What did Tesla design several experimental setups to produce? ,"In March 1896, after hearing of Wilhelm Röntgen's discovery of X-ray and X-ray imaging (radiography), Tesla proceeded to do his own experiments in X-ray imaging, developing a high energy single terminal vacuum tube of his own design that had no target electrode and that worked from the output of the...",X-rays | X-rays | X-rays,X-rays,1,1.0
57265d86f1498d1400e8dd53,Ctenophora,What does the beroe do when pursuing prey?,"The Beroida, also known as Nuda, have no feeding appendages, but their large pharynx, just inside the large mouth and filling most of the saclike body, bears ""macrocilia"" at the oral end. These fused bundles of several thousand large cilia are able to ""bite"" off pieces of prey that are too large to ...","""zip"" the mouth shut | streamlines the front of the animal | tight closure streamlines the front of the animal",streamlines the front,0,0.6666666666666666
57302faa04bcaa1900d77314,Islamism,The perceived British policy of being hands off of its Muslim population has resulted in what derogatory term for London?,"Greater London has over 900,000 Muslims, (most of South Asian origins and concentrated in the East London boroughs of Newham, Tower Hamlets and Waltham Forest), and among them are some with a strong Islamist outlook. Their presence, combined with a perceived British policy of allowing them free rein...",Londonistan | Londonistan | Londonistan,Londonistan,1,1.0
57265746dd62a815002e8218,Ctenophora,What is the common coastal pleurobrachia called?,"Cydippid ctenophores have bodies that are more or less rounded, sometimes nearly spherical and other times more cylindrical or egg-shaped; the common coastal ""sea gooseberry,"" Pleurobrachia, sometimes has an egg-shaped body with the mouth at the narrow end, although some individuals are more uniform...",sea gooseberry | sea gooseberry | sea gooseberry,sea gooseberry,1,1.0
5726a8d4dd62a815002e8c35,Genghis_Khan,Who kidnapped Temüjin's first wife soon after they were married?,"As previously arranged by his father, Temüjin married Börte of the Onggirat tribe when he was around 16 in order to cement alliances between their respective tribes. Soon after Börte's marriage to Temüjin, she was kidnapped by the Merkits and reportedly given away as a wife. Temüjin rescued her with...",the Merkits | Merkits | the Merkits,Merkits,1,1.0
572667e2f1498d1400e8de92,Geology,What is another word for inclusions in sedimentary rocks? ,"The principle of inclusions and components states that, with sedimentary rocks, if inclusions (or clasts) are found in a formation, then the inclusions must be older than the formation that contains them. For example, in sedimentary rocks, it is common for gravel from an older formation to be ripped...",clasts | clasts | clasts | clasts,clasts,1,1.0
57268525dd62a815002e880a,Newcastle_upon_Tyne,Where is the Tyneside Bar located?,"The Pilgrim Street building was refurbished between November 2006 and May 2008; during the refurbishment works, the cinema relocated to the Old Town Hall, Gateshead. In May 2008 the Tyneside Cinema reopened in the restored and refurbished original building. The site currently houses three cinemas, i...",roof | a roof extension | a roof,Gateshead,0,0.0
571077ecb654c5140001f90b,Huguenot,Who was the first Huguenot to arrive at the Cape of Good Hope?,"Individual Huguenots settled at the Cape of Good Hope from as early as 1671 with the arrival of François Villion (Viljoen). The first Huguenot to arrive at the Cape of Good Hope was however Maria de la Queillerie, wife of commander Jan van Riebeeck (and daughter of a Walloon church minister), who ar...",Maria de la Queillerie | Maria de la Queillerie | Maria de la Queillerie,Maria de la Queillerie,1,1.0
570d4030fed7b91900d45d9f,Victoria_(Australia),Who owns the rail lines in Victoria?,"Rail transport in Victoria is provided by several private and public railway operators who operate over government-owned lines. Major operators include: Metro Trains Melbourne which runs an extensive, electrified, passenger system throughout Melbourne and suburbs; V/Line which is now owned by the Vi...",government-owned | government | several private and public railway operators,the Victorian Government,0,0.6666666666666666
57293d116aef051400154bcb,Intergovernmental_Panel_on_Climate_Change,What kind of non-peer-reviewed sources does the IPCC use?,"The IPCC does not carry out research nor does it monitor climate related data. Lead authors of IPCC reports assess the available information about climate change based on published sources. According to IPCC guidelines, authors should give priority to peer-reviewed sources. Authors may refer to non-...","model results, reports from government agencies and non-governmental organizations, and industry journals | model results | model results, reports from government agencies and non-governmental organizations, and industry journals",grey literature,0,0.0
57300137b2c2fd140056871b,Islamism,Where did Maududi's books place Islam?,"Sayyid Abul Ala Maududi was an important early twentieth-century figure in the Islamic revival in India, and then after independence from Britain, in Pakistan. Trained as a lawyer he chose the profession of journalism, and wrote about contemporary issues and most importantly about Islam and Islamic ...",a modern context | a modern context | modern context,in a modern context,0,0.8
5733a5f54776f41900660f45,Warsaw,What was Maria Curie the first female recipient of?,"One of the most famous people born in Warsaw was Maria Skłodowska-Curie, who achieved international recognition for her research on radioactivity and was the first female recipient of the Nobel Prize. Famous musicians include Władysław Szpilman and Frédéric Chopin. Though Chopin was born in the vill...",Nobel Prize | Nobel Prize | Nobel Prize,the Nobel Prize,1,1.0
5730a314069b5314008321ef,Imperialism,Who did the geographic scholars work for? ,"According to geographic scholars under colonizing empires, the world could be split into climatic zones. These scholars believed that Northern Europe and the Mid-Atlantic temperate climate produced a hard-working, moral, and upstanding human being. Alternatively, tropical climates yielded lazy attit...",colonizing empires | colonizing empires | colonizing empires | colonizing empires | colonizing empires,colonizing empires,1,1.0
56d7205e0d65d21400198391,Super_Bowl_50,Which wireless company had exclusive streaming rights on mobile phones?,"CBS provided digital streams of the game via CBSSports.com, and the CBS Sports apps on tablets, Windows 10, Xbox One and other digital media players (such as Chromecast and Roku). Due to Verizon Communications exclusivity, streaming on smartphones was only provided to Verizon Wireless customers via ...",Verizon | Verizon | Verizon,Verizon Communications,0,0.6666666666666666
570d4329fed7b91900d45ddb,Victoria_(Australia),How much gold did Victoria produce in the years of 1851-1860?,"On 1 July 1851, writs were issued for the election of the first Victorian Legislative Council, and the absolute independence of Victoria from New South Wales was established proclaiming a new Colony of Victoria. Days later, still in 1851 gold was discovered near Ballarat, and subsequently at Bendigo...",20 million ounces | 20 million ounces | 20 million ounces,20 million ounces of gold,0,0.7499999999999999
571a4ead10f8ca1400304fe0,Oxygen,Philo of Byzantium ____ surmised that air converted to fire,"One of the first known experiments on the relationship between combustion and air was conducted by the 2nd century BCE Greek writer on mechanics, Philo of Byzantium. In his work Pneumatica, Philo observed that inverting a vessel over a burning candle and surrounding the vessel's neck with water resu...",incorrectly | incorrectly | incorrectly | incorrectly | incorrectly,parts of the air in the vessel were converted into the classical element fire and thus were able to escape through pores in the glass,0,0.0
572847dd4b864d19001648bc,Amazon_rainforest,What feature of the Amazon made people believe it couldn't have many inhabitants?,"For a long time, it was thought that the Amazon rainforest was only ever sparsely populated, as it was impossible to sustain a large population through agriculture given the poor soil. Archeologist Betty Meggers was a prominent proponent of this idea, as described in her book Amazonia: Man and Cultu...",the poor soil | poor soil | poor soil.,poor soil,1,1.0
571ce3745efbb31900334e23,Oxygen,What is the most feared condition that divers want to avoid?,Oxygen toxicity to the lungs and central nervous system can also occur in deep scuba diving and surface supplied diving. Prolonged breathing of an air mixture with an O 2 partial pressure more than 60 kPa can eventually lead to permanent pulmonary fibrosis. Exposure to a O 2 partial pressures greate...,Acute oxygen toxicity | Acute oxygen toxicity | seizures | seizures | seizures,seizures,1,1.0
56f85bb8aef2371900626013,Martin_Luther,What unintended development did the relationship with the elector have on church government?,"To avoid confusing or upsetting the people, Luther avoided extreme change. He also did not wish to replace one controlling system with another. He concentrated on the church in the Electorate of Saxony, acting only as an adviser to churches in new territories, many of which followed his Saxon model....",under the temporal sovereign | church government under the temporal sovereign | church government under the temporal sovereign,"authorised a visitation of the church, a power formerly exercised by bishops",0,0.14285714285714285
57377c98c3c5551400e51efb,Force,What is the intrisic angular variable called when particles act upon one another?,"However, already in quantum mechanics there is one ""caveat"", namely the particles acting onto each other do not only possess the spatial variable, but also a discrete intrinsic angular momentum-like variable called the ""spin"", and there is the Pauli principle relating the space and the spin variable...","spin | spin | spin | spin | the ""spin",spin,1,1.0
57097d63ed30961900e84200,Sky_(United_Kingdom),What were high court proceedings being held about?,The agreements include fixed annual carriage fees of £30m for the channels with both channel suppliers able to secure additional capped payments if their channels meet certain performance-related targets. Currently there is no indication as to whether the new deal includes the additional Video On De...,basic channels | the carriage of their respective basic channels | carriage of their respective basic channels,relating to the carriage of their respective basic channels,0,0.8571428571428571
57268f2bf1498d1400e8e3c6,European_Union_law,Which caused the reform to never come into force?,"Following the Nice Treaty, there was an attempt to reform the constitutional law of the European Union and make it more transparent; this would have also produced a single constitutional document. However, as a result of the referendum in France and the referendum in the Netherlands, the 2004 Treaty...",the referendum in France and the referendum in the Netherlands | the referendum in France and the referendum in the Netherlands | the referendum in France and the referendum in the Netherlands | the referendum in France and the referendum in the Netherlands,the referendum in France and the referendum in the Netherlands,1,1.0
57309564069b5314008321a6,Imperialism,When did Ronald Robinson die?,"During the 20th century, historians John Gallagher (1919–1980) and Ronald Robinson (1920–1999) constructed a framework for understanding European imperialism. They claim that European imperialism was influential, and Europeans rejected the notion that ""imperialism"" required formal, legal control by ...",1999 | 1999 | 1999 | 1999 | 1999,199,0,0.0
571a49de4faf5e1900b8a94a,Oxygen,Oxygen is released in cellular respiration by?,"Many major classes of organic molecules in living organisms, such as proteins, nucleic acids, carbohydrates, and fats, contain oxygen, as do the major inorganic compounds that are constituents of animal shells, teeth, and bone. Most of the mass of living organisms is oxygen as it is a part of water,...",photosynthesis | photosynthesis | photosynthesis | photosynthesis | photosynthesis,photosynthesis,1,1.0
57274118dd62a815002e9a1f,American_Broadcasting_Company,In what series did ABC present it's 1950s film adaptations in?,"Warner tried with mixed success to adapt some of its most successful films as ABC television series, and showcase these adaptations as part of the wheel series Warner Bros. Presents. Airing during the 1955–56 season, it showcased television adaptations of the 1942 films Kings Row and Casablanca; Che...",Warner Bros. Presents | wheel series Warner Bros. Presents | wheel series,Warner Bros. Presents,1,1.0
56bf3c633aeaaa14008c9581,Super_Bowl_50,What was the name of New Orleans' superdome at the time that Super Bowl 50 took place?,"The league eventually narrowed the bids to three sites: New Orleans' Mercedes-Benz Superdome, Miami's Sun Life Stadium, and the San Francisco Bay Area's Levi's Stadium....",Mercedes-Benz Superdome | Mercedes-Benz Superdome | Mercedes-Benz Superdome,Mercedes-Benz Superdome,1,1.0
56f87392aef237190062609b,Martin_Luther,Where is the Apostles located?,"Luther's 1524 creedal hymn ""Wir glauben all an einen Gott"" (""We All Believe in One True God"") is a three-stanza confession of faith prefiguring Luther's 1529 three-part explanation of the Apostles' Creed in the Small Catechism. Luther's hymn, adapted and expanded from an earlier German creedal hymn,...",Small Catechism | Small Catechism | Small Catechism,Lutheran Church,0,0.0
572a064a3f37b31900478660,Amazon_rainforest,"The Peruvian Amazon indigienous people are one group struggling in the Amazon, what is another group?","As indigenous territories continue to be destroyed by deforestation and ecocide, such as in the Peruvian Amazon indigenous peoples' rainforest communities continue to disappear, while others, like the Urarina continue to struggle to fight for their cultural survival and the fate of their forested te...",Urarina | Urarina | Urarina,Urarina,1,1.0
57290ee2af94a219006aa003,Kenya,How long would this coalition last?,"On 28 February 2008, Kibaki and Odinga signed an agreement on the formation of a coalition government in which Odinga would become Kenya's second Prime Minister. Under the deal, the president would appoint cabinet ministers from both PNU and ODM camps depending on each party's strength in Parliament...",until the end of the current Parliament or if either of the parties withdraws from the deal before then | end of the current Parliament | until the end of the current Parliament or if either of the parties withdraws from the deal before then,until the end of the current Parliament,0,0.888888888888889
56f88c37aef2371900626178,Martin_Luther,What was the Marburg Colloquy meant to establish? ,"In October 1529, Philip I, Landgrave of Hesse, convoked an assembly of German and Swiss theologians at the Marburg Colloquy, to establish doctrinal unity in the emerging Protestant states. Agreement was achieved on fourteen points out of fifteen, the exception being the nature of the Eucharist – the...",doctrinal unity | doctrinal unity | doctrinal unity,doctrinal unity in the emerging Protestant states,0,0.5
5726446a89cfff1900a8404e,Packet_switching,What did AUSTPAC support ,"AUSTPAC was an Australian public X.25 network operated by Telstra. Started by Telecom Australia in the early 1980s, AUSTPAC was Australia's first public packet-switched data network, supporting applications such as on-line betting, financial applications — the Australian Tax Office made use of AUSTP...","supporting applications such as on-line betting, financial applications | applications such as on-line betting, financial applications | applications such as on-line betting, financial applications","on-line betting, financial applications — the Australian Tax Office made use of AUSTPAC — and remote terminal access to academic institutions, who maintained their connections to AUSTPAC up until the mid-late 1990s in some",0,0.20512820512820512
5726e179dd62a815002e93b0,Pharmacy,What is one issue that adds to the complexity of a pharmacist's job?,"Because of the complexity of medications including specific indications, effectiveness of treatment regimens, safety of medications (i.e., drug interactions) and patient compliance issues (in the hospital and at home) many pharmacists practicing in hospitals gain more education and training after ph...",effectiveness of treatment regimens | effectiveness of treatment regimens | effectiveness of treatment regimens,patient compliance issues,0,0.0
56beace93aeaaa14008c91df,Super_Bowl_50,Who won Super Bowl 50?,Super Bowl 50 was an American football game to determine the champion of the National Football League (NFL) for the 2015 season. The American Football Conference (AFC) champion Denver Broncos defeated the National Football Conference (NFC) champion Carolina Panthers 24–10 to earn their third Super B...,Denver Broncos | Denver Broncos | Denver Broncos,Carolina Panthers,0,0.0
5727f2714b864d1900164076,Economic_inequality,What contributed to the decreased inequality between trained and untrained workers?,"During the mass high school education movement from 1910–1940, there was an increase in skilled workers, which led to a decrease in the price of skilled labor. High school education during the period was designed to equip students with necessary skill sets to be able to perform at work. In fact, it ...",period of compression | decrease in wages | decrease in wages,compression,0,0.5
5727f05b4b864d190016406c,Economic_inequality,What are those with lower incomes less likely to have in order to prepare for the future?,"An important factor in the creation of inequality is variation in individuals' access to education. Education, especially in an area where there is a high demand for workers, creates high wages for those with this education, however, increases in education first increase and then decrease growth as ...","savings and investment | education, | education",savings and investment,1,1.0
572914f46aef051400154a49,Kenya,When did Obama finally visit Kenya?,"With International Criminal Court trial dates in 2013 for both President Kenyatta and Deputy President William Ruto related to the 2007 election aftermath, US President Barack Obama chose not to visit the country during his mid-2013 African trip. Later in the summer, Kenyatta visited China at the in...",In July 2015 | July 2015 | July 2015,July 2015,1,1.0
56de10b44396321400ee2593,Normans,What was the name of the Norman castle?,"Some Normans joined Turkish forces to aid in the destruction of the Armenians vassal-states of Sassoun and Taron in far eastern Anatolia. Later, many took up service with the Armenian state further south in Cilicia and the Taurus Mountains. A Norman named Oursel led a force of ""Franks"" into the uppe...",Afranji | Afranji | Afranji,Afranji,1,1.0
572a0e0e1d0469140077970a,Economic_inequality,What does an increase in the income share of the bottom 20 percent of people of a society result in?,"According to International Monetary Fund economists, inequality in wealth and income is negatively correlated with the duration of economic growth spells (not the rate of growth). High levels of inequality prevent not just economic prosperity, but also the quality of a country's institutions and hig...",higher GDP growth | higher GDP growth | higher GDP growth,higher GDP growth,1,1.0
572ff7ab04bcaa1900d76f55,Rhine,What is the translation of Oude Maas?,"The shape of the Rhine delta is determined by two bifurcations: first, at Millingen aan de Rijn, the Rhine splits into Waal and Pannerdens Kanaal, which changes its name to Nederrijn at Angeren, and second near Arnhem, the IJssel branches off from the Nederrijn. This creates three main flows, two of...",Old Meuse | Old Meuse | Old Meuse,Old Meuse,1,1.0
5727580bf1498d1400e8f69e,Genghis_Khan,What spelling of Genghis most closely matches its probable pronunciation?,"One theory suggests the name stems from a palatalised version of the Mongolian and Turkic word tenggis, meaning ""ocean"", ""oceanic"" or ""wide-spreading"". (Lake Baikal and ocean were called tenggis by the Mongols. However, it seems that if they had meant to call Genghis tenggis they could have said, an...","Chinggis | Chinggis | ""Jenggis",Chiinggis,0,0.0
57267a94f1498d1400e8e126,Newcastle_upon_Tyne,What percentage of Newcastle's population is it believed the Bolivians account for?,"According to the same statistics, the average age of people living in Newcastle is 37.8 (the national average being 38.6). Many people in the city have Scottish or Irish ancestors. There is a strong presence of Border Reiver surnames, such as Armstrong, Charlton, Elliot, Johnstone, Kerr, Hall, Nixon...",1% | up to 1% | 1% of the population,1%,1,1.0
5725f00938643c19005aced7,"Fresno,_California",Who is Kearney Boulevard named after?,"The neighborhood includes Kearney Boulevard, named after early 20th century entrepreneur and millionaire M. Theo Kearney, which extends from Fresno Street in Southwest Fresno about 20 mi (32 km) west to Kerman, California. A small, two-lane rural road for most of its length, Kearney Boulevard is lin...",M. Theo Kearney | M. Theo Kearney | M. Theo Kearney,M. Theo Kearney,1,1.0
5727526cdd62a815002e9b0e,Construction,A growing number of new forms of procurement involves what?,There is also a growing number of new forms of procurement that involve relationship contracting where the emphasis is on a co-operative relationship between the principal and contractor and other stakeholders within a construction project. New forms include partnering such as Public-Private Partner...,relationship contracting where the emphasis is on a co-operative relationship | relationship contracting | relationship contracting,relationship contracting,1,1.0
5726431aec44d21400f3dd13,Packet_switching,What was Tymnet,"Tymnet was an international data communications network headquartered in San Jose, CA that utilized virtual call packet switched technology and used X.25, SNA/SDLC, BSC and ASCII interfaces to connect host computers (servers)at thousands of large companies, educational institutions, and government a...","an international data communications network headquartered in San Jose, CA | an international data communications network | international data communications network","Tymnet was an international data communications network headquartered in San Jose, CA that utilized virtual call packet switched technology and used X.25, SNA/SDLC, BSC and ASCII interfaces to connect host",0,0.4736842105263158
56e0fd167aa994140058e882,Nikola_Tesla, Where did he claim he would transport energy to?,"On 17 May 1899, Tesla moved to Colorado Springs, where he would have room for his high-voltage, high-frequency experiments; his lab was located near Foote Ave. and Kiowa St. He chose this location because the polyphase alternating current power distribution system had been introduced there and he ha...",Paris | Paris | Pikes Peak to Paris,Paris,1,1.0
57298ef11d0469140077952d,Prime_number,When was the Riemann hypothesis proposed?,"The unproven Riemann hypothesis, dating from 1859, states that except for s = −2, −4, ..., all zeroes of the ζ-function have real part equal to 1/2. The connection to prime numbers is that it essentially says that the primes are as regularly distributed as possible.[clarification needed] From a phys...",1859 | 1859 | 1859 | 1859,1859,1,1.0
5726f4a0708984140094d6ea,Victoria_and_Albert_Museum,How many paintings did John Sheeshanks give to the museum?,"In 1857 John Sheepshanks donated 233 paintings, mainly by contemporary British artists, and a similar number of drawings to the museum with the intention of forming a 'A National Gallery of British Art', a role since taken on by Tate Britain; artists represented are William Blake, James Barry, Henry...",233 | 233 | 233,233,1,1.0
5725c91e38643c19005acceb,Ctenophora,When did the Cretaceous-Paleogene extinction happen?,"Despite their soft, gelatinous bodies, fossils thought to represent ctenophores, apparently with no tentacles but many more comb-rows than modern forms, have been found in lagerstätten as far back as the early Cambrian, about 515 million years ago. The position of the ctenophores in the evolutionary...",66 million years ago | 515 million years ago | 66 million years ago,66 million years ago,1,1.0
572a0d21af94a219006aa785,Economic_inequality,What is the most recent example of financial fault lines? ,"Central Banking economist Raghuram Rajan argues that ""systematic economic inequalities, within the United States and around the world, have created deep financial 'fault lines' that have made [financial] crises more likely to happen than in the past"" – the Financial crisis of 2007–08 being the most ...",the Financial crisis of 2007–08 | Financial crisis of 2007–08 | Financial crisis of 2007–08,Financial crisis of 2007–08,1,1.0
5730b2312461fd1900a9cfae,United_Methodist_Church,In what year was there an attempt to withdraw the UMC membership?,Members of the United Methodist Church who identify with the pro-life position have organized into the Taskforce of United Methodists on Abortion and Sexuality (TUMAS) to further their position within the denomination. There was an attempt to withdraw the United Methodist Church membership in the Re...,2012 | 2012 | 2012,2012,1,1.0
56f8aa749b226e1400dd0da7,Martin_Luther,What sacrament accords Christians renewed life?,"The Ten Commandments, and the beginnings of the renewed life of Christians accorded to them by the sacrament of baptism, are a present foreshadowing of the believers' future angel-like life in heaven in the midst of this life. Luther's teaching of the Ten Commandments, therefore, has clear eschatolo...",baptism | baptism | baptism,baptism,1,1.0
5726e671dd62a815002e9465,American_Broadcasting_Company,When did Good Morning America begin airing?,"ABC's daytime schedule currently features talk shows The View and The Chew, and the soap opera General Hospital, the latter of which is the longest-running entertainment program in the history of the ABC television network, having aired since 1963. ABC also broadcasts the morning news program Good M...",1975 | 1975 | 1975,1975,1,1.0
571cda1bdd7acb1400e4c199,Oxygen,In what form is oxygen transported in smaller containers?,"Oxygen storage methods include high pressure oxygen tanks, cryogenics and chemical compounds. For reasons of economy, oxygen is often transported in bulk as a liquid in specially insulated tankers, since one liter of liquefied oxygen is equivalent to 840 liters of gaseous oxygen at atmospheric press...",compressed gas | compressed gas | compressed gas; | compressed gas | compressed gas,containing the compressed gas,0,0.8
573099ee8ab72b1400f9c5de,Imperialism,what was invented in 1880 that revolutionized warfare?,"Along with advancements in communication, Europe also continued to advance in military technology. European chemists made deadly explosives that could be used in combat, and with innovations in machinery they were able to manufacture improved firearms. By the 1880s, the machine gun had become an eff...",the machine gun | machine gun | machine gun | machine gun | machine gun,machine gun,1,1.0
5726da89dd62a815002e92b3,Pharmacy,With what body must a pharmacy technician register?,A Pharmacy Technician in the UK is considered a health care professional and often does not work under the direct supervision of a pharmacist (if employed in a hospital pharmacy) but instead is supervised and managed by other senior pharmacy technicians. In the UK the role of a PhT has grown and res...,the General Pharmaceutical Council (GPhC) register | General Pharmaceutical Council (GPhC) | General Pharmaceutical Council (GPhC) register,General Pharmaceutical Council,0,0.8571428571428571
572ffabf04bcaa1900d76fa2,Islamism,When was the heyday of secular Arab nationalism?,"Islamists have asked the question, ""If Islam is a way of life, how can we say that those who want to live by its principles in legal, social, political, economic, and political spheres of life are not Muslims, but Islamists and believe in Islamism, not [just] Islam?"" Similarly, a writer for the Inte...",between 1945 and 1970 | between 1945 and 1970 | between 1945 and 1970,between 1945 and 1970,1,1.0
56beb86b3aeaaa14008c92bf,Super_Bowl_50,How old was John Elway when he played in Super Bowl XXXIII?,"Peyton Manning became the first quarterback ever to lead two different teams to multiple Super Bowls. He is also the oldest quarterback ever to play in a Super Bowl at age 39. The past record was held by John Elway, who led the Broncos to victory in Super Bowl XXXIII at age 38 and is currently Denve...",38 | 38 | 38 | 38,38,1,1.0
5737534ec3c5551400e51eac,Force,What law staes that forces are interactions between bodies?,"Newton's Third Law is a result of applying symmetry to situations where forces can be attributed to the presence of different objects. The third law means that all forces are interactions between different bodies,[Note 3] and thus that there is no such thing as a unidirectional force or a force that...",Newton's Third | The third law | The third law | Newton's Third Law | Newton's Third Law,third law,1,1.0
56bec3153aeaaa14008c9389,Super_Bowl_50,What was the base rate for a 30-second ad during Super Bowl 50?,"CBS set the base rate for a 30-second advertisement at $5,000,000, a record high price for a Super Bowl ad. As of January 26, the advertisements had not yet sold out. CBS mandated that all advertisers purchase a package covering time on both the television and digital broadcasts of the game, meaning...","$5,000,000 | $5,000,000 | $5,000,000,","$5,000,000",1,1.0
57096505ed30961900e84085,Sky_(United_Kingdom),When is Sky going to introduce UHD broadcasts?,"On 18 November 2015, Sky announced Sky Q, a range of products and services to be available in 2016. The Sky Q range consists of three set top boxes (Sky Q, Sky Q Silver and Sky Q Mini), a broadband router (Sky Q Hub) and mobile applications. The Sky Q set top boxes introduce a new user interface, Wi...",2016 | later in 2016 | 2016,later in 2016,1,1.0
5726f2375951b619008f8313,Pharmacy,How fast is pharmacy informatics growing?,"Pharmacy informatics is the combination of pharmacy practice science and applied information science. Pharmacy informaticists work in many practice areas of pharmacy, however, they may also work in information technology departments or for healthcare information technology vendor companies. As a pra...",quickly | growing quickly | quickly,quickly,1,1.0
572fd47fa23a5019007fca55,Scottish_Parliament,What party forms the Scottish Parliament?,"The party, or parties, that hold the majority of seats in the Parliament forms the Scottish Government. In contrast to many other parliamentary systems, Parliament elects a First Minister from a number of candidates at the beginning of each parliamentary term (after a general election). Any member c...","hold the majority of seats | hold the majority of seats | The party, or parties, that hold the majority of seats in the Parliament","The party, or parties, that hold the majority of seats in the Parliament",1,1.0
56d6f2960d65d21400198288,Super_Bowl_50,How many yards did Newton throw for in 2015?,"The Panthers offense, which led the NFL in scoring (500 points), was loaded with talent, boasting six Pro Bowl selections. Pro Bowl quarterback Cam Newton had one of his best seasons, throwing for 3,837 yards and rushing for 636, while recording a career-high and league-leading 45 total touchdowns (...","3,837 | 3,837 | 3,837","3,837",1,1.0
5733ef47d058e614000b662d,French_and_Indian_War,Who was added to party as Washington went on the way?,"Governor Robert Dinwiddie of Virginia was an investor in the Ohio Company, which stood to lose money if the French held their claim. To counter the French military presence in Ohio, in October 1753 Dinwiddie ordered the 21-year-old Major George Washington (whose brother was another Ohio Company inve...","Jacob Van Braam as an interpreter; Christopher Gist, a company surveyor working in the area; and a few Mingo led by Tanaghrisson | Jacob Van Braam | Jacob Van Braam | Jacob Van Braam",Jacob Van Braam,1,1.0
5725edfe38643c19005acea2,"Fresno,_California",What are the two principal Asian-American groups living in the west side neighborhood of Fresno?,"The ""West Side"" of Fresno, also often called ""Southwest Fresno"", is one of the oldest neighborhoods in the city. The neighborhood lies southwest of the 99 freeway (which divides it from Downtown Fresno), west of the 41 freeway and south of Nielsen Ave (or the newly constructed 180 Freeway), and exte...",Hmong or Laotian | Hmong or Laotian | Hmong or Laotian,Hmong or Laotian,1,1.0
5726e65e708984140094d53e,Immune_system,What does the immune system protect against?,"The immune system is a system of many biological structures and processes within an organism that protects against disease. To function properly, an immune system must detect a wide variety of agents, known as pathogens, from viruses to parasitic worms, and distinguish them from the organism's own h...","a wide variety of agents, known as pathogens, from viruses to parasitic worms | disease | disease | against disease",disease,1,1.0
56f895339e9bad19000a0179,Martin_Luther,How did Luther say that reason contributes to faith?,"Some scholars have asserted that Luther taught that faith and reason were antithetical in the sense that questions of faith could not be illuminated by reason. He wrote, ""All the articles of our Christian faith, which God has revealed to us in His Word, are in presence of reason sheerly impossible, ...",no way contributes | in no way | in no way,in no way,1,1.0
5726c20fdd62a815002e8fa9,Genghis_Khan,Who led the third division in Khwarezmia alongside Genghis Khan himself?,"The Mongol army under Genghis Khan, generals and his sons crossed the Tien Shan mountains by entering the area controlled by the Khwarezmian Empire. After compiling intelligence from many sources Genghis Khan carefully prepared his army, which was divided into three groups. His son Jochi led the fir...",Tolui | Tolui | Genghis Khan and Tolui,Tolui,1,1.0
572800b03acd2414000df1f1,Doctor_Who,How many seasons did the original Doctor Who run?,"Doctor Who originally ran for 26 seasons on BBC One, from 23 November 1963 until 6 December 1989. During the original run, each weekly episode formed part of a story (or ""serial"") — usually of four to six parts in earlier years and three to four in later years. Notable exceptions were: The Daleks' M...",26 | 26 | 26,26,1,1.0
5726dcbddd62a815002e9320,Pharmacy,How were the men who did tasks like those of today's pharmacists viewed in Japan in the Asuka and Nara periods?,"In Japan, at the end of the Asuka period (538–710) and the early Nara period (710–794), the men who fulfilled roles similar to those of modern pharmacists were highly respected. The place of pharmacists in society was expressly defined in the Taihō Code (701) and re-stated in the Yōrō Code (718). Ra...",highly respected | highly respected | highly respected,highly respected,1,1.0
572924b53f37b31900478067,Kenya,Who treats the majority of the population medically?,"Nurses treat 80% of the population who visit dispensaries, health centres and private clinics in rural and under-served urban areas. Complicated cases are referred to clinical officers, medical officers and medical practitioners. According to the Kenya National Bureau of Statistics, in 2011 there we...",Nurses | Nurses | Nurses,Nurses,1,1.0
56e1c2eee3433e1400423137,Computational_complexity_theory,What thesis specifies that a polynomial relationship exists within time complexities in a computational model? ,"But bounding the computation time above by some concrete function f(n) often yields complexity classes that depend on the chosen machine model. For instance, the language {xx | x is any binary string} can be solved in linear time on a multi-tape Turing machine, but necessarily requires quadratic tim...",Cobham-Edmonds thesis | Cobham-Edmonds | Cobham-Edmonds thesis,Cobham-Edmonds thesis,1,1.0
56e7770037bdd419002c3fe3,Teacher,What group can teachers register with?,"For the salary year beginning April 2008, unpromoted teachers in Scotland earned from £20,427 for a Probationer, up to £32,583 after 6 years teaching, but could then go on to earn up to £39,942 as they complete the modules to earn Chartered Teacher Status (requiring at least 6 years at up to two mod...",trade unions | trade unions | Educational Institute of Scotland,trade unions,1,1.0
